<?xml version="1.0" encoding="utf-8"?>
<ArrayOfGame xmlns:xsi="http://www.w3.org/2001/XMLSchema-instance" xmlns:xsd="http://www.w3.org/2001/XMLSchema">
  <Game>
    <_gameName>Quake 2</_gameName>
    <_isInstalled>true</_isInstalled>
    <_gameLocation>F:\LAN\quake2\q2pro.exe</_gameLocation>
    <_needsSteamEmu>false</_needsSteamEmu>
    <_remoteFileName>quake2.zip</_remoteFileName>
  </Game>
  <Game>
    <_gameName>Quake</_gameName>
    <_isInstalled>true</_isInstalled>
    <_gameLocation>F:\LAN\quake\ezquake.exe</_gameLocation>
    <_needsSteamEmu>false</_needsSteamEmu>
    <_remoteFileName>quake.zip</_remoteFileName>
  </Game>
  <Game>
    <_gameName>Quake 3 Arena</_gameName>
    <_isInstalled>true</_isInstalled>
    <_gameLocation>F:\LAN\ioquake3\ioquake3.x86.exe</_gameLocation>
    <_needsSteamEmu>false</_needsSteamEmu>
    <_remoteFileName>ioquake3.zip</_remoteFileName>
  </Game>
  <Game>
    <_gameName>Counter-Strike: 1.6</_gameName>
    <_isInstalled>true</_isInstalled>
    <_gameLocation>F:\LAN\cs16\hl.exe</_gameLocation>
    <_gameArgs>-game cstrike -steam</_gameArgs>
    <_needsSteamEmu>true</_needsSteamEmu>
    <_steamEmuProfile>cs16.ini</_steamEmuProfile>
    <_remoteFileName>cs16.zip</_remoteFileName>
  </Game>
  <Game>
    <_gameName>Halo: Combat Evolved</_gameName>
    <_isInstalled>true</_isInstalled>
    <_gameLocation>F:\LAN\halo\halo.exe</_gameLocation>
    <_needsSteamEmu>false</_needsSteamEmu>
    <_remoteFileName>halo.zip</_remoteFileName>
  </Game>
  <Game>
    <_gameName>WarCraft III Complete Edition</_gameName>
    <_isInstalled>true</_isInstalled>
    <_gameLocation>F:\LAN\wc3\Frozen Throne.exe</_gameLocation>
    <_needsSteamEmu>false</_needsSteamEmu>
    <_remoteFileName>wc3.zip</_remoteFileName>
  </Game>
</ArrayOfGame>